date,ext,files
2026-07-25,.css,1
2026-07-25,.html,9
2026-07-25,.js,3
2026-07-25,.py,2
2026-07-26,(none),1
2026-07-26,.cfg,1
2026-07-26,.html,1
2026-07-26,.js,1
2026-07-26,.md,3
2026-07-26,.xlsx,1
2026-07-26,.yml,11
2026-08-01,(none),1
2026-08-01,.bat,1
2026-08-01,.ps1,1
2026-08-02,(none),1
2026-08-02,.bat,3
2026-08-02,.md,1
2026-08-02,.ps1,1
2026-08-02,.py,7
2026-08-02,.sh,1
2026-08-02,.un~,1
2026-08-02,.yang,1
2026-08-02,.yml,2
2026-08-08,.html,1
2026-08-08,.py,2
2026-08-09,.json,1
2026-08-09,.md,1
2026-08-09,.py,4
2026-08-15,.py,4
2026-08-15,.yml,1
2026-08-16,(none),2
2026-08-16,.json,2
2026-08-16,.md,1
2026-08-16,.py,3
2026-08-16,.un~,1
2026-08-16,.yml,1
2026-08-22,.md,5
2026-08-22,.py,17
2026-08-22,.yaml,2
2026-08-23,.csv,2
2026-08-23,.py,1
2026-08-24,.html,1
2026-08-25,.md,1
2026-08-25,.yaml,1
2026-08-26,.py,1
